{
    "test/avg_CE": 0.03535780683159828,
    "test/avg_Acc": 0.9909437894821167,
    "test/tp": 6237,
    "test/fp": 28,
    "test/fn": 29,
    "test/precision": 0.9955307245254517,
    "test/recall": 0.9953718185424805,
    "test/f1_score": 0.9954512715339661
}