{
    "test/avg_CE": 0.05261281877756119,
    "test/avg_Acc": 0.9828408360481262,
    "test/tp": 6186,
    "test/fp": 41,
    "test/fn": 67,
    "test/precision": 0.9934157729148865,
    "test/recall": 0.9892851710319519,
    "test/f1_score": 0.9913461804389954
}